word,weight
great,24.0144349373439
best,18.244203339304843
good,17.554028645520646
delicious,17.12268040528708
excellent,15.75084662146989
perfect,14.313156097805136
yummy,13.867142684897653
wonderful,13.430525824582656
love,12.599529901391941
loves,12.556560107336244
not bad,12.294772591771867
tasty,11.598271875114905
awesome,10.768842193772613
amazing,10.695902662207342
happy,10.570916055428254
works,10.148416955162254
pleased,10.126894397641415
not disappointed,9.775796297877026
yum,9.604999381702456
highly,9.185690081766989
